Input,Intent,Response
Hello,greeting,Hi there! How can I assist you today?
Hi,greeting,Hello! What can I do for you?
Hey,greeting,Hey there! How can I help you?
Good morning,greeting,Good morning! How can I assist you today?
Good evening,greeting,Good evening! What can I help you with?
Goodbye,farewell,Goodbye! Have a great day!
See you later,farewell,See you later! Take care!
Farewell,farewell,Farewell! Until next time!
Bye,farewell,Bye! Have a wonderful day!
Take care,farewell,Take care! Have a great day!
What’s your name?,personal_info,I’m your friendly chatbot. How can I assist you today?
Can you tell me your name?,personal_info,I’m here to help you. How can I assist you?
What do you do?,personal_info,I provide assistance with your queries. How can I help you today?
How can I contact support?,support,You can contact support by emailing support@example.com or calling 1-800-123-4567.
What is your purpose?,personal_info,My purpose is to assist you with your questions and provide helpful responses.
Can you help me with my account?,account_support,"Yes, I can help with account-related issues. What seems to be the problem?"
How do I reset my password?,account_support,"To reset your password, go to the login page and click ""Forgot Password."""
How do I change my email address?,account_support,You can change your email address in the account settings section of your profile.
What’s the weather like today?,weather_query,"I’m not sure, but you can check the latest updates online for accurate information."
Will it rain today?,weather_query,Please check a weather website or app for the latest rainfall predictions.
What’s the temperature?,weather_query,"For current temperature updates, check a weather service or app."
What’s the forecast for tomorrow?,weather_query,Please consult a weather forecast service for detailed information on tomorrow’s weather.
Can you recommend a restaurant?,restaurant_recommendation,Sure! How about trying the new Italian place downtown?
Where can I find a good place to eat?,restaurant_recommendation,You can check out the top-rated restaurants in your area on Yelp or Google Maps.
I need a restaurant recommendation.,restaurant_recommendation,How about the new Thai place on Main Street? It has great reviews!
What’s a good place for dinner tonight?,restaurant_recommendation,Consider trying the Bistro Café; it’s popular and has great reviews.
Tell me a joke,joke,Why don’t skeletons fight each other? They don’t have the guts!
Can you make me laugh?,joke,Why don’t scientists trust atoms? Because they make up everything!
Tell me something funny,joke,Why was the math book sad? It had too many problems!
I need a joke,joke,Why don’t programmers like nature? It has too many bugs!
How do I reset my password?,account_support,"To reset your password, click the ""Forgot Password"" link on the login page and follow the instructions."
Where can I find help with my account?,account_support,You can find help by visiting our support page or contacting our support team directly.
How do I contact customer service?,support,You can reach customer service by calling 1-800-123-4567 or emailing support@example.com.
What are the store hours?,store_info,"Our store is open from 9 AM to 9 PM Monday through Saturday, and 10 AM to 6 PM on Sundays."
What is your return policy?,store_info,You can return items within 30 days of purchase for a full refund with a receipt.
Where is the nearest store?,store_info,The nearest store is located at 123 Main Street. You can also find other locations on our website.
How do I track my order?,order_support,"To track your order, enter your tracking number on the order tracking page on our website."
What is your shipping policy?,shipping_info,We offer standard and expedited shipping options. Details can be found on our shipping policy page.
What are the payment options?,payment_info,"We accept credit cards, debit cards, and PayPal for payments."
Can you help me with my order?,order_support,"Yes, I can assist with order-related issues. What do you need help with?"
How do I update my billing information?,account_support,"To update your billing information, go to your account settings and edit the payment details."
What’s the best way to improve productivity?,productivity_advice,"Consider using tools like task managers, setting clear goals, and minimizing distractions."
How can I manage my time better?,productivity_advice,"Try techniques like time blocking, the Pomodoro Technique, or prioritizing tasks effectively."
What are some tips for staying focused at work?,productivity_advice,"Create a distraction-free workspace, set specific goals, and use productivity techniques to stay on track."
How do I build a professional network?,networking_advice,"Attend industry events, join professional organizations, and connect with people on LinkedIn."
How can I enhance my leadership skills?,leadership_advice,"Consider reading leadership books, seeking mentorship, and practicing effective communication and decision-making."
What are the best practices for team collaboration?,collaboration_advice,"Use collaborative tools, communicate clearly, and set common goals to enhance team collaboration."
How can I improve my public speaking skills?,public_speaking_advice,"Practice regularly, seek feedback, and join groups like Toastmasters to enhance your public speaking abilities."
What are some good books on entrepreneurship?,book_recommendation,"Consider ""The Lean Startup"" by Eric Ries or ""Start with Why"" by Simon Sinek."
How do I become a successful entrepreneur?,entrepreneurship_advice,"Focus on identifying a niche market, understanding customer needs, and building a solid business plan."
What are the latest trends in digital marketing?,marketing_advice,"Current trends include AI-driven marketing, personalized content, and data-driven decision-making."
How do I create a business plan?,business_advice,"Outline your business goals, market analysis, financial projections, and strategies for achieving success."
What’s the best way to handle customer complaints?,customer_service_advice,"Listen actively, empathize with the customer, and provide a timely and effective resolution."
Can you suggest a good podcast on finance?,media_recommendation,"Try listening to ""Planet Money"" for insightful discussions on economic topics."
What’s the best way to start investing?,investment_advice,"Start with understanding basic investment concepts, setting financial goals, and exploring options like stocks or mutual funds."
How do I choose the right financial advisor?,financial_advice,"Look for an advisor with a good track record, proper certifications, and one who understands your financial goals."
What are some effective stress management techniques?,stress_management_advice,"Try mindfulness meditation, regular exercise, and maintaining a healthy work-life balance."
How can I improve my work-life balance?,work_life_balance_advice,"Set clear boundaries between work and personal time, prioritize self-care, and manage your workload effectively."
How do I handle a difficult coworker?,workplace_advice,"Communicate clearly, stay professional, and seek mediation if necessary to resolve conflicts with coworkers."
What are some good online resources for learning coding?,media_recommendation,"Check out Codecademy, freeCodeCamp, and Coursera for coding tutorials and courses."
How do I choose the right tech stack for my project?,tech_advice,"Consider factors like project requirements, scalability, and the expertise of your development team."
Can you suggest a good book on leadership?,book_recommendation,"Try ""Leaders Eat Last"" by Simon Sinek for insights into effective leadership strategies."
How do I improve my resume?,career_advice,"Focus on highlighting relevant skills, accomplishments, and tailoring your resume to the specific job you’re applying for."
What’s the best way to prepare for a job interview?,interview_advice,"Research the company, practice common interview questions, and prepare questions to ask the interviewer."
How do I negotiate a salary increase?,salary_negotiation_advice,"Research industry standards, prepare a strong case based on your performance, and practice your negotiation skills."
What are the most important skills for a project manager?,project_management_advice,"Key skills include leadership, communication, time management, and problem-solving."
How do I start a blog?,blogging_advice,"Choose a niche, select a blogging platform, and start creating valuable content for your target audience."
What are some good practices for SEO?,seo_advice,"Focus on keyword research, on-page optimization, and building quality backlinks to improve search engine rankings."
How can I improve my email marketing strategy?,email_marketing_advice,"Segment your email list, personalize content, and analyze campaign performance to optimize your strategy."
What’s the best way to build an online presence?,online_presence_advice,"Utilize social media, create valuable content, and engage with your audience to build a strong online presence."
How do I find a reliable home contractor?,contractor_advice,"Look for contractors with positive reviews, proper licensing, and a portfolio of completed projects."
What are some tips for effective time management?,time_management_advice,"Use tools like calendars and task managers, set clear priorities, and avoid multitasking."
How do I create a marketing plan?,marketing_advice,"Identify your target audience, set marketing goals, and outline strategies to reach your audience effectively."
What are the best practices for managing a remote team?,remote_team_management_advice,"Establish clear communication channels, set expectations, and use project management tools to keep track of progress."
How can I improve my negotiation skills?,negotiation_advice,"Practice active listening, prepare thoroughly, and seek win-win outcomes in negotiations."
How do I start a new business?,business_startup_advice,"Conduct market research, develop a business plan, and secure funding to start your new venture."
What are some effective ways to increase website traffic?,website_traffic_advice,"Use SEO strategies, engage in content marketing, and leverage social media to drive traffic to your website."
How do I handle a project setback?,project_setback_advice,"Assess the situation, identify solutions, and communicate effectively with your team to overcome setbacks."
What are the most important qualities of a good leader?,leadership_advice,"Key qualities include empathy, vision, integrity, and the ability to inspire and motivate others."
How do I create a successful social media campaign?,social_media_campaign_advice,"Define your goals, understand your audience, and use engaging content to drive campaign success."
What’s the best way to learn a new skill?,skill_learning_advice,"Practice regularly, seek feedback, and use resources like online courses or books to improve your skills."
How do I choose the right career path?,career_advice,"Consider your interests, strengths, and long-term goals when choosing a career path."
What are some effective strategies for personal development?,personal_development_advice,"Set clear goals, seek continuous learning, and regularly reflect on your progress."
How can I improve my writing skills?,writing_advice,"Read widely, practice writing regularly, and seek feedback to enhance your writing abilities."
What are some good habits for a healthy lifestyle?,health_advice,"Exercise regularly, eat a balanced diet, and get enough sleep to maintain a healthy lifestyle."
How do I set and achieve personal goals?,goal_setting_advice,"Define clear and actionable goals, create a plan, and stay motivated to achieve your personal goals."
What’s the best way to manage a budget?,budget_management_advice,"Track your income and expenses, set financial goals, and use budgeting tools to manage your budget effectively."
How can I improve my critical thinking skills?,critical_thinking_advice,"Practice questioning assumptions, analyzing information, and seeking diverse perspectives to enhance critical thinking."
What are some effective methods for conflict resolution?,conflict_resolution_advice,"Use active listening, find common ground, and work towards a mutually agreeable solution."
How do I find a trustworthy car repair service?,car_repair_advice,"Look for repair services with good reviews, certifications, and a transparent pricing structure."
What are some strategies for effective team collaboration?,team_collaboration_advice,"Establish clear roles, encourage open communication, and use collaboration tools to enhance teamwork."
How do I handle a difficult customer?,customer_service_advice,"Listen actively, empathize with their concerns, and offer a solution or escalation path to address their issue."
What are the benefits of lifelong learning?,lifelong_learning_advice,"Lifelong learning helps you stay updated with industry trends, improves your skills, and fosters personal growth."
How can I improve my presentation skills?,presentation_skills_advice,"Practice your delivery, use visual aids effectively, and engage with your audience to improve your presentation skills."
What’s the best way to get started with meditation?,meditation_advice,"Start with short sessions, find a quiet space, and use guided meditation apps to get started."
Input,Intent,Response
Hello,greeting,Hi there! How can I assist you today?
Hi,greeting,Hello! What can I do for you?
Hey,greeting,Hey there! How can I help you?
Good morning,greeting,Good morning! How can I assist you today?
Good evening,greeting,Good evening! What can I help you with?
Goodbye,farewell,Goodbye! Have a great day!
See you later,farewell,See you later! Take care!
Farewell,farewell,Farewell! Until next time!
Bye,farewell,Bye! Have a wonderful day!
Take care,farewell,Take care! Have a great day!
What’s your name?,personal_info,I’m your friendly chatbot. How can I assist you today?
Can you tell me your name?,personal_info,I’m here to help you. How can I assist you?
What do you do?,personal_info,I provide assistance with your queries. How can I help you today?
How do I build a strong personal brand?,personal_branding_advice,"Define your unique value proposition, create a consistent online presence, and network with industry professionals."
What are some effective ways to manage stress?,stress_management_advice,"Engage in relaxation techniques, exercise regularly, and maintain a balanced lifestyle to manage stress effectively."
How do I create a successful content marketing strategy?,content_marketing_advice,"Understand your audience, create valuable content, and use data to refine your strategy."
What are some tips for improving work productivity?,productivity_advice,"Set clear goals, use productivity tools, and minimize distractions to enhance work productivity."
How do I find a reliable babysitter?,babysitter_advice,"Check references, read reviews, and ensure the babysitter has the necessary experience and certifications."
What’s the best way to prepare for a job interview?,interview_preparation_advice,"Research the company, practice common interview questions, and prepare questions to ask the interviewer."
How do I manage my time effectively?,time_management_advice,"Use time management tools, set priorities, and allocate time blocks for different tasks to manage time effectively."
What are some good books for personal development?,book_recommendation,"Try ""Atomic Habits"" by James Clear or ""The 7 Habits of Highly Effective People"" by Stephen Covey."
How do I handle workplace conflicts?,workplace_conflict_advice,"Address conflicts calmly, seek to understand different perspectives, and work towards a resolution collaboratively."
What are the best practices for customer engagement?,customer_engagement_advice,"Use personalized communication, engage through multiple channels, and actively listen to customer feedback."
How do I improve my online presence?,online_presence_advice,"Create valuable content, engage with your audience on social media, and optimize your website for search engines."
How do I start a career in tech?,career_advice,"Build relevant skills through courses and projects, network with industry professionals, and apply for entry-level positions."
What are some effective ways to boost creativity?,creativity_advice,"Try brainstorming, exploring new experiences, and setting aside time for creative activities to boost creativity."
How do I choose the right software for my needs?,software_selection_advice,"Assess your requirements, compare features and costs, and read user reviews to choose the right software."
How can I improve my analytical skills?,analytical_skills_advice,"Practice problem-solving, analyze data regularly, and seek feedback to improve your analytical skills."
What are some good resources for learning about artificial intelligence?,ai_learning_advice,"Explore online courses, read books like ""Artificial Intelligence: A Modern Approach,"" and follow AI research publications."
How do I handle a project that’s behind schedule?,project_management_advice,"Assess the situation, identify delays, and adjust your plan or resources to get the project back on track."
What are the best ways to enhance team productivity?,team_productivity_advice,"Set clear goals, communicate effectively, and use collaboration tools to enhance team productivity."
How do I find a qualified therapist?,therapy_advice,"Check for credentials, read reviews, and seek recommendations from trusted sources to find a qualified therapist."
What are some effective techniques for improving memory?,memory_improvement_advice,"Use mnemonic devices, practice regular review, and engage in mental exercises to improve memory."
How do I build a strong network of professional contacts?,networking_advice,"Attend industry events, connect on LinkedIn, and follow up with contacts to build a strong professional network."
What are some tips for effective goal setting?,goal_setting_advice,"Define SMART goals, track your progress, and adjust your strategies as needed to achieve your goals."
How can I improve my leadership skills?,leadership_advice,"Seek mentorship, practice effective communication, and work on decision-making to improve your leadership skills."
What’s the best way to learn a new language?,language_learning_advice,"Immerse yourself in the language, practice regularly, and use language learning apps or courses."
How do I find a good dentist?,dentist_advice,"Look for dentists with positive reviews, check their credentials, and seek recommendations from family or friends."
How do I create a marketing plan for a startup?,startup_marketing_advice,"Define your target market, set marketing goals, and outline strategies to reach your audience effectively."
What are some good practices for maintaining a healthy lifestyle?,healthy_lifestyle_advice,"Exercise regularly, eat a balanced diet, and get enough sleep to maintain a healthy lifestyle."
How do I improve my conflict resolution skills?,conflict_resolution_advice,"Practice active listening, seek to understand different perspectives, and negotiate to resolve conflicts."
What are the best ways to stay motivated?,motivation_advice,"Set clear goals, celebrate small achievements, and surround yourself with supportive people to stay motivated."
How do I build a successful blog?,blogging_advice,"Choose a niche, create valuable content, and promote your blog through social media and SEO."
How do I find the right job for me?,career_advice,"Assess your skills and interests, research potential careers, and seek advice from career counselors."
What are the best practices for financial planning?,financial_planning_advice,"Create a budget, set financial goals, and regularly review and adjust your financial plan."
How do I start a podcast?,podcast_advice,"Define your niche, invest in good recording equipment, and create a content plan for your podcast."
What are some tips for effective team management?,team_management_advice,"Set clear goals, communicate openly, and provide feedback to effectively manage your team."
Input,Intent,Response
Hello,greeting,Hi there! How can I assist you today?
Hi,greeting,Hello! What can I do for you?
Hey,greeting,Hey there! How can I help you?
Good morning,greeting,Good morning! How can I assist you today?
Good evening,greeting,Good evening! What can I help you with?
Goodbye,farewell,Goodbye! Have a great day!
See you later,farewell,See you later! Take care!
Farewell,farewell,Farewell! Until next time!
Bye,farewell,Bye! Have a wonderful day!
Take care,farewell,Take care! Have a great day!
What’s your name?,personal_info,I’m your friendly chatbot. How can I assist you today?
Can you tell me your name?,personal_info,I’m here to help you. How can I assist you?
What do you do?,personal_info,I provide assistance with your queries. How can I help you today?
How can I improve my writing skills?,writing_advice,"Practice regularly, read widely, and seek feedback to enhance your writing skills."
How do I manage my personal finances?,personal_finance_advice,"Create a budget, track your expenses, and save regularly to manage your personal finances effectively."
What’s the best way to learn data science?,data_science_learning_advice,"Take online courses, work on projects, and stay updated with industry trends to learn data science."
How do I handle a difficult client?,client_management_advice,"Listen to their concerns, remain professional, and work towards finding a satisfactory resolution."
What are the benefits of taking online courses?,online_learning_advice,"Online courses offer flexibility, access to diverse topics, and the ability to learn at your own pace."
How do I improve my problem-solving skills?,problem_solving_advice,"Practice analyzing problems, consider multiple solutions, and evaluate outcomes to enhance your problem-solving skills."
How can I enhance my digital marketing strategy?,digital_marketing_advice,"Use data analytics, focus on customer engagement, and leverage social media to enhance your digital marketing strategy."
What are some good habits for improving concentration?,concentration_advice,"Eliminate distractions, practice mindfulness, and take regular breaks to improve your concentration."
How do I manage a remote team effectively?,remote_team_management_advice,"Use collaborative tools, establish clear communication channels, and set expectations for remote work."
What’s the best way to prepare for a certification exam?,certification_exam_preparation_advice,"Study regularly, use practice exams, and review key concepts to prepare effectively for a certification exam."
How can I develop a growth mindset?,growth_mindset_advice,"Embrace challenges, learn from feedback, and focus on continuous improvement to develop a growth mindset."
How do I start a new project?,project_startup_advice,"Define your project goals, plan the necessary steps, and allocate resources to get started with your new project."
What are some effective strategies for business growth?,business_growth_advice,"Focus on customer acquisition, streamline operations, and explore new markets to drive business growth."
How do I find a reliable contractor for home renovations?,home_renovation_advice,"Check for reviews, verify credentials, and get multiple quotes to find a reliable contractor for home renovations."
What are some tips for maintaining a healthy work environment?,work_environment_advice,"Promote open communication, ensure a comfortable workspace, and encourage work-life balance to maintain a healthy work environment."
How can I improve my public speaking skills?,public_speaking_advice,"Practice regularly, engage with your audience, and use visual aids to enhance your public speaking skills."
What’s the best way to manage a large team?,team_management_advice,"Set clear goals, delegate tasks effectively, and use project management tools to manage a large team."
How do I choose the right career for me?,career_advice,"Assess your interests, skills, and values to choose a career that aligns with your personal and professional goals."
How do I improve my time management skills?,time_management_advice,"Use time management tools, set priorities, and create a structured schedule to improve your time management skills."
What are some effective techniques for goal setting?,goal_setting_advice,"Define SMART goals, break them down into actionable steps, and track your progress regularly."
How can I build a successful online business?,online_business_advice,"Identify a niche market, create a business plan, and use digital marketing strategies to build a successful online business."
How do I find a good financial advisor?,financial_advisor_advice,"Look for advisors with relevant certifications, check their track record, and ensure they understand your financial goals."
How do I handle a challenging work project?,work_project_advice,"Break the project into manageable tasks, set clear milestones, and seek support when needed to handle a challenging work project."
What are the best ways to stay organized?,organization_advice,"Use organizational tools, maintain a clean workspace, and prioritize tasks to stay organized."
How can I improve my career prospects?,career_advancement_advice,"Build relevant skills, network with industry professionals, and seek mentorship to improve your career prospects."
How do I choose the right software for my business?,business_software_advice,"Assess your business needs, compare features and costs, and read user reviews to choose the right software."
What are some tips for effective communication?,communication_advice,"Practice active listening, be clear and concise, and provide constructive feedback for effective communication."
How do I develop a successful business strategy?,business_strategy_advice,"Define your business goals, analyze market trends, and outline strategies to achieve your objectives."
What are the best ways to manage stress at work?,workplace_stress_advice,"Take breaks, practice relaxation techniques, and manage your workload to reduce stress at work."
How do I start an online course?,online_course_advice,"Choose a subject, find a reputable platform, and create engaging content to start an online course."
What are some good practices for personal finance management?,personal_finance_advice,"Create a budget, track expenses, and save regularly to manage your personal finances effectively."
How do I improve my decision-making skills?,decision_making_advice,"Analyze available options, consider potential outcomes, and seek advice to improve your decision-making skills."
How can I develop better problem-solving abilities?,problem_solving_advice,"Practice analyzing issues, consider different solutions, and learn from past experiences to develop better problem-solving abilities."
What are some effective ways to increase employee engagement?,employee_engagement_advice,"Provide regular feedback, recognize achievements, and create opportunities for growth to increase employee engagement."
How do I create a successful social media strategy?,social_media_strategy_advice,"Define your goals, understand your audience, and create engaging content to develop a successful social media strategy."
What are some tips for effective team leadership?,team_leadership_advice,"Communicate clearly, set expectations, and provide support to lead your team effectively."
How can I improve my negotiation tactics?,negotiation_tactics_advice,"Prepare thoroughly, understand the other party’s interests, and practice active listening to improve your negotiation tactics."
How do I handle a difficult conversation with a colleague?,difficult_conversation_advice,"Approach the conversation calmly, listen actively, and work towards finding a mutually agreeable solution."
What are some good habits for personal growth?,personal_growth_advice,"Set goals, seek feedback, and continuously learn and improve to foster personal growth."
How can I build a strong online brand?,online_branding_advice,"Define your brand identity, create consistent content, and engage with your audience to build a strong online brand."
How do I improve my research skills?,research_skills_advice,"Use reliable sources, practice critical analysis, and stay organized to improve your research skills."
What are some effective strategies for financial planning?,financial_planning_advice,"Create a budget, set financial goals, and regularly review your plan to manage your finances effectively."
How do I handle a project with tight deadlines?,project_management_advice,"Prioritize tasks, manage resources effectively, and communicate clearly to handle projects with tight deadlines."
What are the best practices for effective time management?,time_management_advice,"Use time management tools, set priorities, and create a structured schedule to manage your time effectively."
How do I choose the right career path?,career_advice,"Assess your skills, interests, and long-term goals to choose a career path that aligns with your personal and professional aspirations."
What are some tips for enhancing productivity?,productivity_advice,"Set clear goals, use productivity tools, and minimize distractions to enhance your productivity."
How do I find a reliable home service provider?,home_service_advice,"Check reviews, ask for recommendations, and verify credentials to find a reliable home service provider."
What are some effective strategies for managing a team?,team_management_advice,"Set clear goals, communicate openly, and use team-building activities to manage your team effectively."
How do I improve my public speaking abilities?,public_speaking_advice,"Practice regularly, engage with your audience, and use visual aids to enhance your public speaking abilities."
How can I develop a successful business model?,business_model_advice,"Identify your target market, understand customer needs, and create a value proposition to develop a successful business model."
What are the best ways to manage personal finances?,personal_finance_advice,"Create a budget, track expenses, and save regularly to manage your personal finances effectively."
How do I enhance my online presence?,online_presence_advice,"Create valuable content, engage with your audience on social media, and optimize your website for search engines."
How can I improve my decision-making skills?,decision_making_advice,"Analyze available options, consider potential outcomes, and seek advice to improve your decision-making skills."
What are some good habits for successful career development?,career_development_advice,"Set clear goals, seek mentorship, and continuously develop your skills for successful career development."
How do I handle a project that’s falling behind?,project_management_advice,"Assess the situation, identify bottlenecks, and adjust your plan or resources to get the project back on track."
What are the best ways to manage stress at work?,workplace_stress_advice,"Practice relaxation techniques, take regular breaks, and manage your workload to reduce stress at work."
How do I find a reliable healthcare provider?,healthcare_advice,"Check reviews, verify credentials, and seek recommendations to find a reliable healthcare provider."
How can I improve my writing skills?,writing_advice,"Read widely, practice writing regularly, and seek feedback to enhance your writing skills."
What are some effective techniques for problem-solving?,problem_solving_advice,"Analyze the problem, consider various solutions, and evaluate outcomes to find effective solutions."
How do I build a successful marketing strategy?,marketing_strategy_advice,"Define your target audience, set clear goals, and use data-driven insights to build a successful marketing strategy."
What are the best practices for managing a remote team?,remote_team_management_advice,"Establish clear communication channels, set expectations, and use project management tools to manage a remote team effectively."
How do I choose the right financial products?,financial_product_selection_advice,"Assess your needs, compare features, and read reviews to choose the right financial products."
What are some tips for effective conflict resolution?,conflict_resolution_advice,"Use active listening, seek to understand different perspectives, and negotiate to resolve conflicts effectively."
How can I improve my leadership skills?,leadership_advice,"Seek feedback, practice effective communication, and work on decision-making to enhance your leadership skills."
How do I start a new venture?,venture_startup_advice,"Define your goals, create a business plan, and secure funding to start your new venture."
What are the best ways to improve productivity?,productivity_advice,"Set clear goals, use productivity tools, and minimize distractions to enhance productivity."
How do I handle a difficult conversation with a team member?,difficult_conversation_advice,"Approach the conversation calmly, listen actively, and work towards finding a resolution."
What are some good resources for learning about finance?,finance_learning_advice,"Check out online courses, read finance books, and follow financial news to learn more about finance."
How do I find a trustworthy real estate agent?,real_estate_advice,"Look for agents with good reviews, check their credentials, and ask for referrals to find a trustworthy real estate agent."
How do I improve my time management skills?,time_management_advice,"Use time management tools, prioritize tasks, and create a structured schedule to improve your time management skills."
What are the benefits of effective communication?,communication_benefits,"Effective communication fosters better relationships, improves teamwork, and enhances problem-solving abilities."
How do I develop a strong personal brand?,personal_branding_advice,"Define your unique value, create consistent content, and network with industry professionals to build a strong personal brand."
How do I handle a project with limited resources?,resource_management_advice,"Prioritize tasks, allocate resources efficiently, and seek creative solutions to manage a project with limited resources."
What are some good practices for personal development?,personal_development_advice,"Set clear goals, seek feedback, and engage in continuous learning to foster personal development."
How do I improve my conflict resolution skills?,conflict_resolution_advice,"Practice active listening, seek to understand different perspectives, and work towards a mutually agreeable solution."
What are the best practices for time management?,time_management_advice,"Use time management tools, set clear priorities, and create a structured schedule to manage your time effectively."
How do I start a successful business?,business_startup_advice,"Conduct market research, develop a solid business plan, and secure funding to start a successful business."
What are some effective strategies for increasing website traffic?,website_traffic_advice,"Utilize SEO, engage in content marketing, and leverage social media to boost website traffic."
How do I handle a project setback?,project_setback_advice,"Evaluate the situation, identify potential solutions, and communicate with your team to address setbacks."
What are the key qualities of a good leader?,leadership_qualities,"Empathy, vision, integrity, and the ability to inspire and motivate others are key qualities of a good leader."
How do I create a successful social media campaign?,social_media_campaign_advice,"Define clear goals, understand your audience, and create engaging content to drive campaign success."
What’s the best way to learn a new skill?,skill_learning_advice,"Regular practice, seeking feedback, and using resources like online courses or books are effective ways to learn a new skill."
How do I choose the right career path?,career_advice,"Consider your interests, strengths, and long-term goals when choosing a career path."
What are some effective strategies for personal development?,personal_development_advice,"Set clear goals, engage in continuous learning, and regularly assess your progress."
How can I improve my writing skills?,writing_advice,"Read extensively, write regularly, and seek constructive feedback to enhance your writing skills."
What are some good habits for a healthy lifestyle?,healthy_lifestyle_advice,"Regular exercise, a balanced diet, and adequate sleep are fundamental for a healthy lifestyle."
How do I set and achieve personal goals?,goal_setting_advice,"Define SMART goals, develop an action plan, and stay motivated to achieve your personal goals."
What’s the best way to manage a budget?,budget_management_advice,"Track your income and expenses, set financial goals, and use budgeting tools to manage your budget effectively."
How can I improve my critical thinking skills?,critical_thinking_advice,"Question assumptions, analyze information critically, and seek diverse perspectives to enhance critical thinking."
What are some effective methods for conflict resolution?,conflict_resolution_advice,"Use active listening, find common ground, and work towards mutually agreeable solutions."
How do I find a trustworthy car repair service?,car_repair_advice,"Look for services with good reviews, check certifications, and ensure transparency in pricing."
What are some strategies for effective team collaboration?,team_collaboration_advice,"Establish clear roles, foster open communication, and use collaboration tools to enhance teamwork."
How do I handle a difficult customer?,customer_service_advice,"Listen carefully, empathize, and provide a solution or escalation path to address their concerns."
What are the benefits of lifelong learning?,lifelong_learning_advice,"Lifelong learning helps you stay updated, improve your skills, and foster personal and professional growth."
How can I improve my presentation skills?,presentation_skills_advice,"Practice regularly, use visual aids effectively, and engage with your audience to improve presentation skills."
What’s the best way to get started with meditation?,meditation_advice,"Start with short sessions, find a quiet space, and use guided meditation apps to begin your practice."
How do I build a strong personal brand?,personal_branding_advice,"Define your unique value, maintain a consistent online presence, and network with industry professionals."
What are some effective ways to manage stress?,stress_management_advice,"Use relaxation techniques, exercise regularly, and maintain a balanced lifestyle to manage stress."
How do I create a successful content marketing strategy?,content_marketing_advice,"Understand your audience, create valuable content, and use data to refine your strategy."
What are some tips for improving work productivity?,productivity_advice,"Set clear goals, use productivity tools, and minimize distractions to boost productivity."
How do I find a reliable babysitter?,babysitter_advice,"Check references, read reviews, and ensure they have necessary experience and certifications."
What’s the best way to prepare for a job interview?,interview_preparation_advice,"Research the company, practice common interview questions, and prepare questions to ask the interviewer."
How do I manage my time effectively?,time_management_advice,"Use time management tools, set priorities, and allocate time blocks for different tasks to manage your time effectively."
What are some good books for personal development?,book_recommendation,"Consider ""Atomic Habits"" by James Clear or ""The 7 Habits of Highly Effective People"" by Stephen Covey."
How do I handle workplace conflicts?,workplace_conflict_advice,"Address conflicts calmly, understand different perspectives, and work towards a resolution collaboratively."
What are the best practices for customer engagement?,customer_engagement_advice,"Personalize communication, engage through multiple channels, and actively listen to customer feedback."
How do I improve my online presence?,online_presence_advice,"Create valuable content, engage with your audience on social media, and optimize your website for search engines."
How do I start a career in tech?,career_advice,"Build relevant skills through courses and projects, network with industry professionals, and apply for entry-level positions."
What are some effective ways to boost creativity?,creativity_advice,"Try brainstorming, explore new experiences, and set aside time for creative activities to boost creativity."
How do I choose the right software for my needs?,software_selection_advice,"Assess your requirements, compare features and costs, and read user reviews to choose the right software."
How can I improve my analytical skills?,analytical_skills_advice,"Practice problem-solving, analyze data regularly, and seek feedback to improve your analytical skills."
What are some good resources for learning about artificial intelligence?,ai_learning_advice,"Explore online courses, read books like ""Artificial Intelligence: A Modern Approach,"" and follow AI research publications."
How do I handle a project that’s behind schedule?,project_management_advice,"Assess the situation, identify delays, and adjust your plan or resources to get the project back on track."
What are the best ways to enhance team productivity?,team_productivity_advice,"Set clear goals, communicate effectively, and use collaboration tools to enhance team productivity."
How do I find a qualified therapist?,therapy_advice,"Check for credentials, read reviews, and seek recommendations from trusted sources to find a qualified therapist."
What are some effective techniques for improving memory?,memory_improvement_advice,"Use mnemonic devices, practice regular review, and engage in mental exercises to improve memory."
How do I build a strong network of professional contacts?,networking_advice,"Attend industry events, connect on LinkedIn, and follow up with contacts to build a strong professional network."
What are some tips for effective goal setting?,goal_setting_advice,"Define SMART goals, track your progress, and adjust your strategies as needed to achieve your goals."
How can I improve my leadership skills?,leadership_advice,"Seek mentorship, practice effective communication, and work on decision-making to improve your leadership skills."
What’s the best way to learn a new language?,language_learning_advice,"Immerse yourself in the language, practice regularly, and use language learning apps or courses."
How do I find a good dentist?,dentist_advice,"Look for dentists with positive reviews, check their credentials, and seek recommendations from family or friends."
How do I create a marketing plan for a startup?,startup_marketing_advice,"Define your target market, set marketing goals, and outline strategies to reach your audience effectively."
What are some good practices for maintaining a healthy lifestyle?,healthy_lifestyle_advice,"Exercise regularly, eat a balanced diet, and get enough sleep to maintain a healthy lifestyle."
How do I improve my conflict resolution skills?,conflict_resolution_advice,"Practice active listening, seek to understand different perspectives, and negotiate to resolve conflicts."
What are the best ways to stay motivated?,motivation_advice,"Set clear goals, celebrate small achievements, and surround yourself with supportive people to stay motivated."
How do I build a successful blog?,blogging_advice,"Choose a niche, create valuable content, and promote your blog through social media and SEO."
How do I find the right job for me?,career_advice,"Assess your skills and interests, research potential careers, and seek advice from career counselors."
What are the best practices for financial planning?,financial_planning_advice,"Create a budget, set financial goals, and regularly review and adjust your financial plan."
How do I start a podcast?,podcast_advice,"Define your niche, invest in good recording equipment, and create a content plan for your podcast."
What are some tips for effective team management?,team_management_advice,"Set clear goals, communicate openly, and provide feedback to effectively manage your team."
How can I improve my writing skills?,writing_advice,"Practice regularly, read widely, and seek feedback to enhance your writing skills."
How do I manage my personal finances?,personal_finance_advice,"Create a budget, track your expenses, and save regularly to manage your personal finances effectively."
How do I enhance my professional skills?,professional_skills_advice,"Engage in continuous learning, seek feedback, and gain relevant experience to enhance your professional skills."
What are some effective ways to increase website engagement?,website_engagement_advice,"Create high-quality content, engage with users through comments and social media, and use analytics to improve engagement."
What are some strategies for successful business development?,business_development_advice,"Identify market opportunities, build strong relationships, and continually refine your business strategy for successful development."
How do I handle a difficult conversation with a coworker?,difficult_conversation_advice,"Approach the conversation with empathy, listen actively, and work together to find a resolution."
What are some good resources for learning about digital marketing?,digital_marketing_learning_advice,"Explore online courses, read industry blogs, and follow digital marketing experts to learn more about the field."
What are the benefits of networking?,networking_benefits,"Networking helps build relationships, open up career opportunities, and gain industry insights."
How do I create a successful business plan?,business_plan_advice,"Define your business goals, conduct market research, and outline your strategies and financial projections."
How do I improve my presentation skills?,presentation_skills_advice,"Practice regularly, use engaging visuals, and connect with your audience to improve presentation skills."
What are some effective ways to manage work-life balance?,work_life_balance_advice,"Set boundaries, prioritize tasks, and make time for relaxation and personal interests to manage work-life balance."
How do I develop a personal brand?,personal_branding_advice,"Identify your unique value, create a consistent online presence, and network within your industry to develop a personal brand."
What are some strategies for effective team collaboration?,team_collaboration_advice,"Use collaboration tools, establish clear roles, and promote open communication to enhance team collaboration."
How do I handle workplace stress?,workplace_stress_advice,"Practice stress-relief techniques, manage your workload, and seek support when needed to handle workplace stress."
How do I choose the right career for me?,career_advice,"Consider your skills, interests, and long-term goals when choosing a career path."
How can I improve my leadership skills?,leadership_advice,"Seek feedback, develop effective communication skills, and practice decision-making to enhance your leadership abilities."
What are some effective ways to boost creativity?,creativity_advice,"Engage in brainstorming sessions, explore new experiences, and allocate time for creative thinking to boost creativity."
How do I find a reliable contractor for home improvements?,home_improvement_advice,"Check for reviews, verify credentials, and obtain multiple quotes to find a reliable contractor for home improvements."
What are some good practices for personal development?,personal_development_advice,"Set specific goals, seek feedback, and commit to continuous learning for personal development."
What are some effective techniques for stress management?,stress_management_advice,"Use relaxation methods, practice mindfulness, and maintain a balanced lifestyle to manage stress effectively."
What are the best ways to stay organized?,organization_advice,"Use organizational tools, create a clean workspace, and prioritize tasks to stay organized."
How do I choose the right financial advisor?,financial_advisor_advice,"Look for certified advisors with a good track record, understand their fee structure, and ensure they align with your financial goals."
What are some effective strategies for building a successful startup?,startup_advice,"Conduct market research, develop a business plan, and seek funding to build a successful startup."
How do I improve my public speaking abilities?,public_speaking_advice,"Practice regularly, engage with your audience, and use visual aids to enhance your public speaking abilities."
How do I handle a challenging work project?,work_project_advice,"Break the project into smaller tasks, set clear milestones, and communicate effectively to tackle a challenging work project."
How can I enhance my critical thinking skills?,critical_thinking_advice,"Practice analyzing situations from multiple perspectives, question assumptions, and seek diverse opinions to enhance critical thinking."
What are the best practices for managing a remote team?,remote_team_management_advice,"Use collaborative tools, set clear expectations, and communicate frequently to manage a remote team effectively."
How do I create a successful content strategy?,content_strategy_advice,"Define your target audience, set clear goals, and create valuable content to develop a successful content strategy."
What are some good habits for maintaining a healthy work-life balance?,work_life_balance_advice,"Set boundaries, prioritize self-care, and make time for personal interests to maintain a healthy work-life balance."
How do I improve my time management skills?,time_management_advice,"Use time management tools, prioritize tasks, and establish a structured schedule to improve time management skills."
What are some effective ways to build and maintain professional relationships?,professional_relationships_advice,"Network regularly, offer help to others, and follow up on connections to build and maintain professional relationships."
What are some strategies for effective project management?,project_management_advice,"Define project goals, create a detailed plan, and monitor progress regularly for effective project management."
How do I choose the right software for my business needs?,software_selection_advice,"Assess your business needs, compare features and costs, and read user reviews to select the right software."
How can I enhance my online presence?,online_presence_advice,"Create valuable content, engage with your audience, and optimize your website for search engines to enhance your online presence."
What are some effective methods for improving problem-solving skills?,problem_solving_advice,"Practice critical thinking, explore multiple solutions, and learn from past experiences to improve problem-solving skills."
How do I handle a difficult situation with a client?,client_handling_advice,"Listen carefully, empathize, and work towards finding a mutually beneficial solution to handle a difficult situation with a client."
What are some strategies for improving employee performance?,employee_performance_advice,"Set clear expectations, provide regular feedback, and offer opportunities for development to improve employee performance."
How do I find a reliable home repair service?,home_repair_advice,"Check for reviews, verify credentials, and ask for recommendations to find a reliable home repair service."
What are the best ways to manage project deadlines?,project_deadlines_advice,"Prioritize tasks, set clear milestones, and communicate effectively with your team to manage project deadlines."
How do I choose the right career for myself?,career_advice,"Evaluate your skills, interests, and long-term goals to select a career that aligns with your personal and professional aspirations."
What are some good practices for financial management?,financial_management_advice,"Create a budget, monitor expenses, and save regularly to effectively manage your finances."
How do I develop a successful marketing strategy?,marketing_strategy_advice,"Identify your target audience, set clear marketing goals, and use data-driven insights to develop a successful strategy."
What are some effective ways to stay motivated?,motivation_advice,"Set achievable goals, celebrate progress, and surround yourself with supportive people to stay motivated."
What are the best practices for effective time management?,time_management_advice,"Use time management tools, prioritize tasks, and create a structured schedule to manage your time effectively."
How do I find a trustworthy real estate agent?,real_estate_advice,"Check reviews, verify credentials, and seek recommendations to find a trustworthy real estate agent."
What are some strategies for effective team communication?,team_communication_advice,"Encourage open dialogue, use collaboration tools, and establish clear communication channels for effective team communication."
How do I start a new business?,business_startup_advice,"Conduct market research, develop a business plan, and secure funding to start a new business."
What are some effective ways to improve work productivity?,productivity_advice,"Set clear goals, use productivity tools, and minimize distractions to enhance work productivity."
What are some good practices for maintaining a healthy lifestyle?,healthy_lifestyle_advice,"Exercise regularly, eat a balanced diet, and get enough sleep to maintain a healthy lifestyle."
How do I develop a growth mindset?,growth_mindset_advice,"Embrace challenges, learn from feedback, and focus on continuous improvement to develop a growth mindset."
What are the best ways to manage stress at work?,workplace_stress_advice,"Practice stress management techniques, maintain a balanced workload, and seek support to manage work stress effectively."
How do I create a successful social media campaign?,social_media_campaign_advice,"Define clear objectives, understand your audience, and create engaging content to run a successful social media campaign."
What are some good habits for personal development?,personal_development_advice,"Set specific goals, seek feedback, and engage in continuous learning for effective personal development."
How do I find a reliable contractor for home renovations?,home_renovation_advice,"Check for reviews, verify credentials, and obtain multiple quotes to find a reliable contractor for home renovations."
What are some effective strategies for business growth?,business_growth_advice,"Focus on customer acquisition, streamline operations, and explore new markets to drive business growth."
What are some tips for improving public speaking skills?,public_speaking_advice,"Practice regularly, engage with your audience, and use visual aids to enhance your public speaking skills."
What are the best ways to enhance team productivity?,team_productivity_advice,"Set clear goals, foster open communication, and use collaboration tools to enhance team productivity."
How do I handle a difficult conversation with a coworker?,difficult_conversation_advice,"Approach the conversation calmly, listen actively, and work together to find a resolution."
How do I improve my research skills?,research_skills_advice,"Use reliable sources, practice critical analysis, and stay organized to improve your research skills."
How do I choose the right career path?,career_advice,"Evaluate your skills, interests, and long-term goals to choose a career path that aligns with your personal and professional aspirations."
What are some effective techniques for goal setting?,goal_setting_advice,"Define SMART goals, break them into actionable steps, and track your progress regularly for effective goal setting."
How do I find a good financial advisor?,financial_advisor_advice,"Look for advisors with relevant certifications, read reviews, and understand their fee structures before choosing a financial advisor."
What are some strategies for effective team management?,team_management_advice,"Set clear goals, provide regular feedback, and foster open communication to manage your team effectively."
What are the benefits of lifelong learning?,lifelong_learning_advice,"Lifelong learning helps you stay updated, enhance your skills, and foster personal and professional growth."
How do I develop a successful marketing plan?,marketing_plan_advice,"Identify your target audience, set clear goals, and develop strategies to achieve your marketing objectives."
What are some good practices for maintaining a balanced work-life schedule?,work_life_balance_advice,"Set clear boundaries, prioritize self-care, and allocate time for both work and personal activities to maintain balance."
What are the best ways to manage project deadlines?,project_deadlines_advice,"Set clear milestones, prioritize tasks, and communicate effectively with your team to meet project deadlines."
How do I handle a difficult client?,client_handling_advice,"Listen actively, empathize with their concerns, and work towards a mutually beneficial solution to handle a difficult client."
What are some effective methods for increasing employee engagement?,employee_engagement_advice,"Provide meaningful work, offer opportunities for development, and recognize achievements to boost employee engagement."
How do I find a reliable home improvement contractor?,home_improvement_advice,"Research reviews, check credentials, and get multiple quotes to find a reliable home improvement contractor."
What are some good practices for maintaining a healthy lifestyle?,healthy_lifestyle_advice,"Exercise regularly, eat a balanced diet, and get adequate sleep to maintain a healthy lifestyle."
How do I create a successful blog?,blogging_advice,"Choose a niche, produce valuable content, and promote your blog through SEO and social media."
What are some effective strategies for building a personal brand?,personal_branding_advice,"Define your unique value, consistently present yourself online, and network with industry professionals to build your personal brand."
What are some effective ways to manage time effectively?,time_management_advice,"Use time management tools, prioritize tasks, and establish a structured routine to manage time effectively."
How do I find a trustworthy real estate agent?,real_estate_advice,"Look for agents with positive reviews, check their credentials, and seek recommendations from trusted sources."
How do I handle a challenging work project?,work_project_advice,"Break the project into manageable tasks, set clear milestones, and communicate effectively to address challenges."
What are some good practices for maintaining work-life balance?,work_life_balance_advice,"Set boundaries between work and personal life, prioritize self-care, and manage your time effectively to maintain work-life balance."
How do I build a successful brand?,brand_building_advice,"Define your brand values, create a consistent message, and engage with your target audience to build a successful brand."
How do I improve my leadership abilities?,leadership_advice,"Seek feedback, practice effective communication, and focus on decision-making to enhance your leadership abilities."
What are some effective strategies for increasing website traffic?,website_traffic_advice,"Utilize SEO, create high-quality content, and leverage social media to boost website traffic."
What are some good practices for improving communication skills?,communication_skills_advice,"Practice active listening, be clear and concise, and engage in regular feedback to improve communication skills."
What are some effective methods for personal growth?,personal_growth_advice,"Set specific goals, seek feedback, and continuously engage in learning and self-improvement for personal growth."
How do I find a qualified therapist?,therapy_advice,"Check their credentials, read reviews, and seek recommendations from trusted sources to find a qualified therapist."
What are some good practices for financial planning?,financial_planning_advice,"Create a budget, set financial goals, and regularly review your financial plan to ensure effective financial management."
What are some effective ways to improve team collaboration?,team_collaboration_advice,"Establish clear roles, promote open communication, and use collaboration tools to enhance team collaboration."
How do I develop a strong personal brand?,personal_branding_advice,"Define your unique value, maintain a consistent online presence, and network with industry professionals to build a strong personal brand."
What are some good practices for managing project deadlines?,project_deadlines_advice,"Set clear milestones, prioritize tasks, and communicate regularly with your team to manage project deadlines effectively."
How do I start a successful podcast?,podcast_advice,"Define your niche, invest in good recording equipment, and create a content plan for your podcast."
What are some effective ways to boost creativity?,creativity_advice,"Engage in brainstorming sessions, explore new experiences, and set aside time for creative activities to enhance creativity."
How do I handle a difficult work situation?,work_situation_advice,"Approach the situation calmly, assess the problem, and work towards a resolution with a positive mindset."
What are the best practices for enhancing team productivity?,team_productivity_advice,"Set clear goals, foster open communication, and use collaborative tools to boost team productivity."
What are some effective techniques for goal setting?,goal_setting_advice,"Set SMART goals, break them into actionable steps, and track your progress regularly for effective goal setting."
How do I manage work-life balance?,work_life_balance_advice,"Set clear boundaries between work and personal time, prioritize self-care, and manage your time effectively to maintain balance."
What are some good resources for learning about business development?,business_development_learning_advice,"Read books like ""The Lean Startup"" by Eric Ries, take online courses, and follow industry blogs to learn about business development."
How do I choose the right software for my business?,software_selection_advice,"Assess your business needs, compare features and costs, and read user reviews to select the right software for your business."
How do I build a strong personal brand?,personal_branding_advice,"Define your unique value proposition, create consistent content, and network within your industry to build a strong personal brand."
What are some effective ways to improve public speaking skills?,public_speaking_advice,"Practice regularly, engage with your audience, and use visual aids to enhance your public speaking skills."
What are some strategies for successful business development?,business_development_advice,"Identify market opportunities, build strong relationships, and refine your business strategy for successful development."
What are some good habits for personal development?,personal_development_advice,"Set clear goals, seek feedback, and engage in continuous learning for personal growth."
What are some effective ways to manage time effectively?,time_management_advice,"Use time management tools, prioritize tasks, and establish a structured routine to manage time effectively."
How do I handle a challenging project at work?,project_management_advice,"Break the project into manageable tasks, set clear milestones, and communicate effectively with your team to address challenges."
What are some good practices for financial management?,financial_management_advice,"Create a budget, monitor expenses, and save regularly to manage your finances effectively."
What are the benefits of personal development?,personal_development_benefits,"Personal development leads to improved self-awareness, increased skills and knowledge, and greater personal satisfaction."
How do I improve my public speaking skills?,public_speaking_advice,"Practice speaking in front of an audience, use engaging visuals, and seek feedback to enhance your public speaking skills."
What are some effective techniques for improving focus?,focus_improvement_advice,"Use focus tools, set clear priorities, and eliminate distractions to improve focus."
What are the best ways to manage a remote team?,remote_team_management_advice,"Use collaboration tools, set clear expectations, and communicate regularly to manage a remote team effectively."
How do I create a successful blog?,blogging_advice,"Choose a niche, create valuable content, and promote your blog through social media and SEO."
What are some strategies for effective project management?,project_management_advice,"Define clear goals, create a detailed plan, and monitor progress regularly to manage your projects effectively."
What are some effective methods for improving communication skills?,communication_skills_advice,"Practice active listening, be clear and concise, and engage in regular feedback to improve communication skills."
What are the benefits of effective communication?,communication_benefits,"Effective communication fosters better relationships, improves teamwork, and enhances problem-solving abilities."
How do I build a strong personal brand?,personal_branding_advice,"Define your unique value, create consistent content, and network with industry professionals to build a strong personal brand."
What are some effective strategies for increasing website traffic?,website_traffic_advice,"Utilize SEO, engage in content marketing, and leverage social media to boost website traffic."
How do I handle a project setback?,project_setback_advice,"Evaluate the situation, identify potential solutions, and communicate with your team to address setbacks."
What are the key qualities of a good leader?,leadership_qualities,"Empathy, vision, integrity, and the ability to inspire and motivate others are key qualities of a good leader."
How do I create a successful social media campaign?,social_media_campaign_advice,"Define clear goals, understand your audience, and create engaging content to drive campaign success."
What’s the best way to learn a new skill?,skill_learning_advice,"Regular practice, seeking feedback, and using resources like online courses or books are effective ways to learn a new skill."
How do I choose the right career path?,career_advice,"Consider your interests, strengths, and long-term goals when choosing a career path."
What are some effective strategies for personal development?,personal_development_advice,"Set clear goals, engage in continuous learning, and regularly assess your progress."
How can I improve my writing skills?,writing_advice,"Read extensively, write regularly, and seek constructive feedback to enhance your writing skills."
What are some good habits for a healthy lifestyle?,healthy_lifestyle_advice,"Regular exercise, a balanced diet, and adequate sleep are fundamental for a healthy lifestyle."
How do I set and achieve personal goals?,goal_setting_advice,"Define SMART goals, develop an action plan, and stay motivated to achieve your personal goals."
What’s the best way to manage a budget?,budget_management_advice,"Track your income and expenses, create a budget plan, and adjust as needed to manage your finances effectively."
What are some strategies for effective team collaboration?,team_collaboration_advice,"Use collaborative tools, establish clear roles, and encourage open communication to improve team collaboration."
What are some effective techniques for goal setting?,goal_setting_advice,"Define specific, measurable, achievable, relevant, and time-bound (SMART) goals, and regularly review your progress."
What are the best practices for managing stress?,stress_management_advice,"Identify stressors, use relaxation techniques, and maintain a balanced lifestyle to manage stress effectively."
What are some effective ways to improve work productivity?,productivity_advice,"Set clear goals, use productivity tools, and minimize distractions to enhance work productivity."
What are some good practices for effective financial planning?,financial_planning_advice,"Create a budget, set financial goals, and regularly review your financial plan to stay on track."
What are the best strategies for successful career advancement?,career_advancement_advice,"Seek opportunities for growth, network with professionals, and continuously develop your skills for career advancement."
How do I handle conflicts in the workplace?,workplace_conflict_advice,"Address conflicts calmly, listen to all parties, and work towards a fair resolution to handle workplace conflicts effectively."
What are the best practices for managing project deadlines?,project_deadlines_advice,"Prioritize tasks, set clear deadlines, and communicate regularly with your team to manage project deadlines effectively."
What are some good resources for learning about digital marketing?,digital_marketing_learning_advice,"Explore online courses, read industry blogs, and follow digital marketing experts to enhance your knowledge in the field."
What are some effective ways to improve team productivity?,team_productivity_advice,"Set clear goals, encourage open communication, and use collaboration tools to enhance team productivity."
How do I develop a successful marketing strategy?,marketing_strategy_advice,"Identify your target audience, set clear marketing goals, and use data-driven insights to create an effective strategy."
What are some effective methods for improving problem-solving skills?,problem_solving_advice,"Practice critical thinking, explore multiple solutions, and learn from past experiences to enhance problem-solving skills."
What are some strategies for successful business growth?,business_growth_advice,"Focus on customer acquisition, streamline operations, and explore new markets to drive growth."
How do I enhance my online presence?,online_presence_advice,"Create valuable content, engage with your audience, and optimize your website for search engines to enhance your online presence."
How do I handle a difficult situation with a client?,client_handling_advice,"Listen carefully, empathize with their concerns, and work towards finding a mutually beneficial solution to handle difficult situations with clients."
What are some good practices for managing project deadlines?,project_deadlines_advice,"Set clear milestones, prioritize tasks, and communicate effectively with your team to manage deadlines efficiently."
How do I find a trustworthy financial advisor?,financial_advisor_advice,"Look for certified advisors with positive reviews, understand their fee structure, and ensure they align with your financial goals."
What are some effective techniques for goal setting?,goal_setting_advice,"Define SMART goals, break them into actionable steps, and track your progress to effectively achieve your objectives."
How do I build a successful brand?,brand_building_advice,"Define your brand values, create a consistent message, and engage with your target audience to build a strong brand."
How do I improve my public speaking skills?,public_speaking_advice,"Practice regularly, use engaging visuals, and seek feedback to enhance your public speaking abilities."
How do I handle a difficult conversation with a coworker?,difficult_conversation_advice,"Approach the conversation calmly, listen actively, and work towards a resolution together."
